address	size	name	num_callees	num_xrefs_in
0x181606000	558	FUN_181606000	0	4
0x18160d3eb	249	FUN_18160d3eb	0	2
0x181614363	5	thunk_FUN_18161436d	0	1
0x181614368	5	thunk_FUN_18161436d	0	1
0x18161436d	694	FUN_18161436d	0	1
0x18161b579	35	FUN_18161b579	0	1
0x18162963c	514	FUN_18162963c	0	1
0x1816306dd	523	FUN_1816306dd	0	1
0x181637630	123	FUN_181637630	0	3
0x18163ec4b	4211	FUN_18163ec4b	0	1
0x181645c69	587	FUN_181645c69	0	1
0x181b20b13	554	FUN_181b20b13	0	2
0x181b21164	5346	FUN_181b21164	0	1
0x181b22685	1272	FUN_181b22685	0	1
0x181b22b85	375	FUN_181b22b85	0	1
0x181b22cfc	303	FUN_181b22cfc	0	1
0x181b22e2d	7	FUN_181b22e2d	0	1
0x181b22e34	23	FUN_181b22e34	1	1
0x181b22e4c	5	thunk_EXT_FUN_1ad280eaa	0	1
0x181b22e7d	36	FUN_181b22e7d	2	1
0x181b22ea1	3	FUN_181b22ea1	0	1
0x181b230ec	9	FUN_181b230ec	1	1
0x181b230f6	80	FUN_181b230f6	1	1
0x181b23149	32	FUN_181b23149	1	1
0x181b3b3da	139	FUN_181b3b3da	2	1
0x181b4eaac	27	FUN_181b4eaac	1	1
0x181b50507	12	FUN_181b50507	1	1
0x181b58d7a	20	FUN_181b58d7a	1	1
0x181b5afac	26	FUN_181b5afac	1	1
0x181b63831	82	FUN_181b63831	2	1
0x181b72917	88	entry	2	2
0x181b74f88	15	FUN_181b74f88	1	1
0x181b7b471	34	FUN_181b7b471	1	1
0x181b7b493	44	FUN_181b7b493	1	1
0x181b811b5	100	FUN_181b811b5	3	1
0x181ba403c	8	FUN_181ba403c	1	1
0x181bb832b	42	FUN_181bb832b	1	2
0x181e36e5a	18	tls_callback_0	1	2
0x181ff7615	51	FUN_181ff7615	1	1
0x182008d87	15	FUN_182008d87	1	1
0x182a74b93	81	FUN_182a74b93	1	1
0x182ac02ff	69	FUN_182ac02ff	1	1
